product_id,plate_barcode,timepoint_label,position,value,flag,violation_note
urn:amp2:prod:complex-t0,EPix1-complex,t=0,A1,0.0684,ok,
urn:amp2:prod:complex-t0,EPix1-complex,t=0,A2,0.0789,ok,
urn:amp2:prod:complex-t0,EPix1-complex,t=0,A3,0.0681,ok,
urn:amp2:prod:complex-t0,EPix1-complex,t=0,A4,0.0676,ok,
urn:amp2:prod:complex-t0,EPix1-complex,t=0,A5,0.0672,ok,
urn:amp2:prod:complex-t0,EPix1-complex,t=0,A6,0.0729,ok,
urn:amp2:prod:complex-t0,EPix1-complex,t=0,A7,0.0833,ok,
urn:amp2:prod:complex-t0,EPix1-complex,t=0,A8,0.0672,ok,
urn:amp2:prod:complex-t0,EPix1-complex,t=0,A9,0.0668,ok,
urn:amp2:prod:complex-t0,EPix1-complex,t=0,A10,0.0676,ok,
urn:amp2:prod:complex-t0,EPix1-complex,t=0,A11,0.0697,ok,
urn:amp2:prod:complex-t0,EPix1-complex,t=0,A12,0.0665,ok,
urn:amp2:prod:complex-t0,EPix1-complex,t=0,B1,0.0679,ok,
urn:amp2:prod:complex-t0,EPix1-complex,t=0,B2,0.0712,ok,
urn:amp2:prod:complex-t0,EPix1-complex,t=0,B3,0.2862,ok,
urn:amp2:prod:complex-t0,EPix1-complex,t=0,B4,0.0685,ok,
urn:amp2:prod:complex-t0,EPix1-complex,t=0,B5,0.0693,ok,
urn:amp2:prod:complex-t0,EPix1-complex,t=0,B6,0.0693,ok,
urn:amp2:prod:complex-t0,EPix1-complex,t=0,B7,0.2143,ok,
urn:amp2:prod:complex-t0,EPix1-complex,t=0,B8,0.0682,ok,
urn:amp2:prod:complex-t0,EPix1-complex,t=0,B9,0.0686,ok,
urn:amp2:prod:complex-t0,EPix1-complex,t=0,B10,0.0910,ok,
urn:amp2:prod:complex-t0,EPix1-complex,t=0,B11,0.0690,ok,
urn:amp2:prod:complex-t0,EPix1-complex,t=0,B12,0.0671,ok,
urn:amp2:prod:complex-t0,EPix1-complex,t=0,C1,0.0689,ok,
urn:amp2:prod:complex-t0,EPix1-complex,t=0,C2,0.0695,ok,
urn:amp2:prod:complex-t0,EPix1-complex,t=0,C3,0.0693,ok,
urn:amp2:prod:complex-t0,EPix1-complex,t=0,C4,0.0684,ok,
urn:amp2:prod:complex-t0,EPix1-complex,t=0,C5,0.0675,ok,
urn:amp2:prod:complex-t0,EPix1-complex,t=0,C6,0.0677,ok,
urn:amp2:prod:complex-t0,EPix1-complex,t=0,C7,0.0672,ok,
urn:amp2:prod:complex-t0,EPix1-complex,t=0,C8,0.0685,ok,
urn:amp2:prod:complex-t0,EPix1-complex,t=0,C9,0.0676,ok,
urn:amp2:prod:complex-t0,EPix1-complex,t=0,C10,0.0679,ok,
urn:amp2:prod:complex-t0,EPix1-complex,t=0,C11,0.0677,ok,
urn:amp2:prod:complex-t0,EPix1-complex,t=0,C12,0.0680,ok,
urn:amp2:prod:complex-t0,EPix1-complex,t=0,D1,0.0741,ok,
urn:amp2:prod:complex-t0,EPix1-complex,t=0,D2,0.1551,ok,
urn:amp2:prod:complex-t0,EPix1-complex,t=0,D3,0.0683,ok,
urn:amp2:prod:complex-t0,EPix1-complex,t=0,D4,0.1079,ok,
urn:amp2:prod:complex-t0,EPix1-complex,t=0,D5,0.3321,ok,
urn:amp2:prod:complex-t0,EPix1-complex,t=0,D6,0.0677,ok,
urn:amp2:prod:complex-t0,EPix1-complex,t=0,D7,0.0686,ok,
urn:amp2:prod:complex-t0,EPix1-complex,t=0,D8,0.0697,ok,
urn:amp2:prod:complex-t0,EPix1-complex,t=0,D9,0.0680,ok,
urn:amp2:prod:complex-t0,EPix1-complex,t=0,D10,0.0700,ok,
urn:amp2:prod:complex-t0,EPix1-complex,t=0,D11,0.0687,ok,
urn:amp2:prod:complex-t0,EPix1-complex,t=0,D12,0.0677,ok,
urn:amp2:prod:complex-t0,EPix1-complex,t=0,E1,0.1407,ok,
urn:amp2:prod:complex-t0,EPix1-complex,t=0,E2,0.0673,ok,
urn:amp2:prod:complex-t0,EPix1-complex,t=0,E3,0.0694,ok,
urn:amp2:prod:complex-t0,EPix1-complex,t=0,E4,0.0684,ok,
urn:amp2:prod:complex-t0,EPix1-complex,t=0,E5,0.0853,ok,
urn:amp2:prod:complex-t0,EPix1-complex,t=0,E6,0.1326,ok,
urn:amp2:prod:complex-t0,EPix1-complex,t=0,E7,0.0705,ok,
urn:amp2:prod:complex-t0,EPix1-complex,t=0,E8,0.3191,ok,
urn:amp2:prod:complex-t0,EPix1-complex,t=0,E9,0.0671,ok,
urn:amp2:prod:complex-t0,EPix1-complex,t=0,E10,0.0741,ok,
urn:amp2:prod:complex-t0,EPix1-complex,t=0,E11,0.0723,ok,
urn:amp2:prod:complex-t0,EPix1-complex,t=0,E12,0.1230,ok,
urn:amp2:prod:complex-t0,EPix1-complex,t=0,F1,0.0709,ok,
urn:amp2:prod:complex-t0,EPix1-complex,t=0,F2,0.0678,ok,
urn:amp2:prod:complex-t0,EPix1-complex,t=0,F3,0.1221,ok,
urn:amp2:prod:complex-t0,EPix1-complex,t=0,F4,0.0782,ok,
urn:amp2:prod:complex-t0,EPix1-complex,t=0,F5,0.3594,ok,
urn:amp2:prod:complex-t0,EPix1-complex,t=0,F6,0.1341,ok,
urn:amp2:prod:complex-t0,EPix1-complex,t=0,F7,0.0793,ok,
urn:amp2:prod:complex-t0,EPix1-complex,t=0,F8,0.0734,ok,
urn:amp2:prod:complex-t0,EPix1-complex,t=0,F9,0.1124,ok,
urn:amp2:prod:complex-t0,EPix1-complex,t=0,F10,0.0774,ok,
urn:amp2:prod:complex-t0,EPix1-complex,t=0,F11,0.0762,ok,
urn:amp2:prod:complex-t0,EPix1-complex,t=0,F12,0.0959,ok,
urn:amp2:prod:complex-t0,EPix1-complex,t=0,G1,1.2251,ok,
urn:amp2:prod:complex-t0,EPix1-complex,t=0,G2,0.0682,ok,
urn:amp2:prod:complex-t0,EPix1-complex,t=0,G3,0.0733,ok,
urn:amp2:prod:complex-t0,EPix1-complex,t=0,G4,0.0680,ok,
urn:amp2:prod:complex-t0,EPix1-complex,t=0,G5,0.1302,ok,
urn:amp2:prod:complex-t0,EPix1-complex,t=0,G6,0.0739,ok,
urn:amp2:prod:complex-t0,EPix1-complex,t=0,G7,0.0685,ok,
urn:amp2:prod:complex-t0,EPix1-complex,t=0,G8,0.1044,ok,
urn:amp2:prod:complex-t0,EPix1-complex,t=0,G9,0.0742,ok,
urn:amp2:prod:complex-t0,EPix1-complex,t=0,G10,0.0756,ok,
urn:amp2:prod:complex-t0,EPix1-complex,t=0,G11,0.0733,ok,
urn:amp2:prod:complex-t0,EPix1-complex,t=0,G12,0.0696,ok,
urn:amp2:prod:complex-t0,EPix1-complex,t=0,H1,0.0679,blank,
urn:amp2:prod:complex-t0,EPix1-complex,t=0,H2,0.0702,blank,
urn:amp2:prod:complex-t0,EPix1-complex,t=0,H3,0.0691,blank,
urn:amp2:prod:complex-t0,EPix1-complex,t=0,H4,0.0685,blank,
urn:amp2:prod:complex-t0,EPix1-complex,t=0,H5,0.0697,blank,
urn:amp2:prod:complex-t0,EPix1-complex,t=0,H6,0.0696,blank,
urn:amp2:prod:complex-t0,EPix1-complex,t=0,H7,0.0689,blank,
urn:amp2:prod:complex-t0,EPix1-complex,t=0,H8,0.0668,blank,
urn:amp2:prod:complex-t0,EPix1-complex,t=0,H9,0.0674,blank,
urn:amp2:prod:complex-t0,EPix1-complex,t=0,H10,0.0698,blank,
urn:amp2:prod:complex-t0,EPix1-complex,t=0,H11,0.0693,blank,
urn:amp2:prod:complex-t0,EPix1-complex,t=0,H12,0.0684,blank,
urn:amp2:prod:complex-t4h,EPix1-complex,t=4h,A-1,0.0787,ok,[C4] position 'A-1' should be 'A1'
urn:amp2:prod:complex-t4h,EPix1-complex,t=4h,A2,0.0907,ok,
urn:amp2:prod:complex-t4h,EPix1-complex,t=4h,A3,0.0783,ok,
urn:amp2:prod:complex-t4h,EPix1-complex,t=4h,A4,0.0777,ok,
urn:amp2:prod:complex-t4h,EPix1-complex,t=4h,A5,0.0773,ok,
urn:amp2:prod:complex-t4h,EPix1-complex,t=4h,A6,0.0838,ok,
urn:amp2:prod:complex-t4h,EPix1-complex,t=4h,A7,0.0958,ok,
urn:amp2:prod:complex-t4h,EPix1-complex,t=4h,A8,0.0773,ok,
urn:amp2:prod:complex-t4h,EPix1-complex,t=4h,A9,0.0768,ok,
urn:amp2:prod:complex-t4h,EPix1-complex,t=4h,A10,0.0777,ok,
urn:amp2:prod:complex-t4h,EPix1-complex,t=4h,A11,0.0802,ok,
urn:amp2:prod:complex-t4h,EPix1-complex,t=4h,A12,0.0765,ok,
urn:amp2:prod:complex-t4h,EPix1-complex,t=4h,B1,0.0781,ok,
urn:amp2:prod:complex-t4h,EPix1-complex,t=4h,B2,0.0819,ok,
urn:amp2:prod:complex-t4h,EPix1-complex,t=4h,B3,0.3291,ok,
urn:amp2:prod:complex-t4h,EPix1-complex,t=4h,B4,0.0788,ok,
urn:amp2:prod:complex-t4h,EPix1-complex,t=4h,B5,0.0797,ok,
urn:amp2:prod:complex-t4h,EPix1-complex,t=4h,B6,0.0797,ok,
urn:amp2:prod:complex-t4h,EPix1-complex,t=4h,B7,0.2464,ok,
urn:amp2:prod:complex-t4h,EPix1-complex,t=4h,B8,0.0784,ok,
urn:amp2:prod:complex-t4h,EPix1-complex,t=4h,B9,0.0789,ok,
urn:amp2:prod:complex-t4h,EPix1-complex,t=4h,B10,0.1046,ok,
urn:amp2:prod:complex-t4h,EPix1-complex,t=4h,B11,0.0794,ok,
urn:amp2:prod:complex-t4h,EPix1-complex,t=4h,B12,0.0772,ok,
urn:amp2:prod:complex-t4h,EPix1-complex,t=4h,C1,0.0792,ok,
urn:amp2:prod:complex-t4h,EPix1-complex,t=4h,C2,0.0799,ok,
urn:amp2:prod:complex-t4h,EPix1-complex,t=4h,C3,0.0797,ok,
urn:amp2:prod:complex-t4h,EPix1-complex,t=4h,C4,0.0787,ok,
urn:amp2:prod:complex-t4h,EPix1-complex,t=4h,C5,0.0776,ok,
urn:amp2:prod:complex-t4h,EPix1-complex,t=4h,C6,0.0779,ok,
urn:amp2:prod:complex-t4h,EPix1-complex,t=4h,C7,0.0773,ok,
urn:amp2:prod:complex-t4h,EPix1-complex,t=4h,C8,0.0788,ok,
urn:amp2:prod:complex-t4h,EPix1-complex,t=4h,C9,0.0777,ok,
urn:amp2:prod:complex-t4h,EPix1-complex,t=4h,C10,0.0781,ok,
urn:amp2:prod:complex-t4h,EPix1-complex,t=4h,C11,0.0779,ok,
urn:amp2:prod:complex-t4h,EPix1-complex,t=4h,C12,0.0782,ok,
urn:amp2:prod:complex-t4h,EPix1-complex,t=4h,D1,0.0852,ok,
urn:amp2:prod:complex-t4h,EPix1-complex,t=4h,D2,0.1784,ok,
urn:amp2:prod:complex-t4h,EPix1-complex,t=4h,D3,0.0785,ok,
urn:amp2:prod:complex-t4h,EPix1-complex,t=4h,D4,0.1241,ok,
urn:amp2:prod:complex-t4h,EPix1-complex,t=4h,D5,0.3819,ok,
urn:amp2:prod:complex-t4h,EPix1-complex,t=4h,D6,0.0779,ok,
urn:amp2:prod:complex-t4h,EPix1-complex,t=4h,D7,0.0789,ok,
urn:amp2:prod:complex-t4h,EPix1-complex,t=4h,D8,0.0802,ok,
urn:amp2:prod:complex-t4h,EPix1-complex,t=4h,D9,0.0782,ok,
urn:amp2:prod:complex-t4h,EPix1-complex,t=4h,D10,0.0805,ok,
urn:amp2:prod:complex-t4h,EPix1-complex,t=4h,D11,0.0790,ok,
urn:amp2:prod:complex-t4h,EPix1-complex,t=4h,D12,0.0779,ok,
urn:amp2:prod:complex-t4h,EPix1-complex,t=4h,E1,0.1618,ok,
urn:amp2:prod:complex-t4h,EPix1-complex,t=4h,E2,0.0774,ok,
urn:amp2:prod:complex-t4h,EPix1-complex,t=4h,E3,0.0798,ok,
urn:amp2:prod:complex-t4h,EPix1-complex,t=4h,E4,0.0787,ok,
urn:amp2:prod:complex-t4h,EPix1-complex,t=4h,E5,0.0981,ok,
urn:amp2:prod:complex-t4h,EPix1-complex,t=4h,E6,0.1525,ok,
urn:amp2:prod:complex-t4h,EPix1-complex,t=4h,E7,0.0811,ok,
urn:amp2:prod:complex-t4h,EPix1-complex,t=4h,E8,0.3670,ok,
urn:amp2:prod:complex-t4h,EPix1-complex,t=4h,E9,0.0772,ok,
urn:amp2:prod:complex-t4h,EPix1-complex,t=4h,E10,0.0852,ok,
urn:amp2:prod:complex-t4h,EPix1-complex,t=4h,E11,0.0831,ok,
urn:amp2:prod:complex-t4h,EPix1-complex,t=4h,E12,0.1414,ok,
urn:amp2:prod:complex-t4h,EPix1-complex,t=4h,F1,0.0815,ok,
urn:amp2:prod:complex-t4h,EPix1-complex,t=4h,F2,0.0780,ok,
urn:amp2:prod:complex-t4h,EPix1-complex,t=4h,F3,0.1404,ok,
urn:amp2:prod:complex-t4h,EPix1-complex,t=4h,F4,0.0899,ok,
urn:amp2:prod:complex-t4h,EPix1-complex,t=4h,F5,0.4133,ok,
urn:amp2:prod:complex-t4h,EPix1-complex,t=4h,F6,0.1542,ok,
urn:amp2:prod:complex-t4h,EPix1-complex,t=4h,F7,0.0912,ok,
urn:amp2:prod:complex-t4h,EPix1-complex,t=4h,F8,0.0844,ok,
urn:amp2:prod:complex-t4h,EPix1-complex,t=4h,F9,0.1293,ok,
urn:amp2:prod:complex-t4h,EPix1-complex,t=4h,F10,0.0890,ok,
urn:amp2:prod:complex-t4h,EPix1-complex,t=4h,F11,0.0876,ok,
urn:amp2:prod:complex-t4h,EPix1-complex,t=4h,F12,0.1103,ok,
urn:amp2:prod:complex-t4h,EPix1-complex,t=4h,G1,1.4089,ok,
urn:amp2:prod:complex-t4h,EPix1-complex,t=4h,G2,0.0784,ok,
urn:amp2:prod:complex-t4h,EPix1-complex,t=4h,G3,0.0843,ok,
urn:amp2:prod:complex-t4h,EPix1-complex,t=4h,G4,0.0782,ok,
urn:amp2:prod:complex-t4h,EPix1-complex,t=4h,G5,0.1497,ok,
urn:amp2:prod:complex-t4h,EPix1-complex,t=4h,G6,0.0850,ok,
urn:amp2:prod:complex-t4h,EPix1-complex,t=4h,G7,0.0788,ok,
urn:amp2:prod:complex-t4h,EPix1-complex,t=4h,G8,0.1201,ok,
urn:amp2:prod:complex-t4h,EPix1-complex,t=4h,G9,0.0853,ok,
urn:amp2:prod:complex-t4h,EPix1-complex,t=4h,G10,0.0869,ok,
urn:amp2:prod:complex-t4h,EPix1-complex,t=4h,G11,0.0843,ok,
urn:amp2:prod:complex-t4h,EPix1-complex,t=4h,G12,0.0800,ok,
urn:amp2:prod:complex-t4h,EPix1-complex,t=4h,H1,0.0693,blank,
urn:amp2:prod:complex-t4h,EPix1-complex,t=4h,H2,0.0716,blank,
urn:amp2:prod:complex-t4h,EPix1-complex,t=4h,H3,0.0705,blank,
urn:amp2:prod:complex-t4h,EPix1-complex,t=4h,H4,0.0699,blank,
urn:amp2:prod:complex-t4h,EPix1-complex,t=4h,H5,0.0711,blank,
urn:amp2:prod:complex-t4h,EPix1-complex,t=4h,H6,0.0710,blank,
urn:amp2:prod:complex-t4h,EPix1-complex,t=4h,H7,0.0703,blank,
urn:amp2:prod:complex-t4h,EPix1-complex,t=4h,H8,0.0681,blank,
urn:amp2:prod:complex-t4h,EPix1-complex,t=4h,H9,0.0687,blank,
urn:amp2:prod:complex-t4h,EPix1-complex,t=4h,H10,0.0712,blank,
urn:amp2:prod:complex-t4h,EPix1-complex,t=4h,H11,0.0707,blank,
urn:amp2:prod:complex-t4h,EPix1-complex,t=4h,H12,0.0698,blank,
urn:amp2:prod:complex-t8h,EPix1-complex,t=8h,A1,0.0889,ok,
urn:amp2:prod:complex-t8h,EPix1-complex,t=8h,A2,0.1026,ok,
urn:amp2:prod:complex-t8h,EPix1-complex,t=8h,A3,0.0885,ok,
urn:amp2:prod:complex-t8h,EPix1-complex,t=8h,A4,0.0879,ok,
urn:amp2:prod:complex-t8h,EPix1-complex,t=8h,A5,0.0874,ok,
urn:amp2:prod:complex-t8h,EPix1-complex,t=8h,A6,0.0948,ok,
urn:amp2:prod:complex-t8h,EPix1-complex,t=8h,A7,0.1083,ok,
urn:amp2:prod:complex-t8h,EPix1-complex,t=8h,A8,0.0874,ok,
urn:amp2:prod:complex-t8h,EPix1-complex,t=8h,A9,0.0868,ok,
urn:amp2:prod:complex-t8h,EPix1-complex,t=8h,A10,0.0879,ok,
urn:amp2:prod:complex-t8h,EPix1-complex,t=8h,A11,0.0906,ok,
urn:amp2:prod:complex-t8h,EPix1-complex,t=8h,A12,0.0865,ok,
urn:amp2:prod:complex-t8h,EPix1-complex,t=8h,B1,0.0883,ok,
urn:amp2:prod:complex-t8h,EPix1-complex,t=8h,B2,0.0926,ok,
urn:amp2:prod:complex-t8h,EPix1-complex,t=8h,B3,0.3721,ok,
urn:amp2:prod:complex-t8h,EPix1-complex,t=8h,B4,0.0891,ok,
urn:amp2:prod:complex-t8h,EPix1-complex,t=8h,B5,0.0901,ok,
urn:amp2:prod:complex-t8h,EPix1-complex,t=8h,B6,0.0901,ok,
urn:amp2:prod:complex-t8h,EPix1-complex,t=8h,B7,0.2786,ok,
urn:amp2:prod:complex-t8h,EPix1-complex,t=8h,B8,0.0887,ok,
urn:amp2:prod:complex-t8h,EPix1-complex,t=8h,B9,0.0892,ok,
urn:amp2:prod:complex-t8h,EPix1-complex,t=8h,B10,0.1183,ok,
urn:amp2:prod:complex-t8h,EPix1-complex,t=8h,B11,0.0897,ok,
urn:amp2:prod:complex-t8h,EPix1-complex,t=8h,B12,0.0872,ok,
urn:amp2:prod:complex-t8h,EPix1-complex,t=8h,C1,0.0896,ok,
urn:amp2:prod:complex-t8h,EPix1-complex,t=8h,C2,0.0904,ok,
urn:amp2:prod:complex-t8h,EPix1-complex,t=8h,C3,0.0901,ok,
urn:amp2:prod:complex-t8h,EPix1-complex,t=8h,C4,0.0889,ok,
urn:amp2:prod:complex-t8h,EPix1-complex,t=8h,C5,0.0878,ok,
urn:amp2:prod:complex-t8h,EPix1-complex,t=8h,C6,0.0880,ok,
urn:amp2:prod:complex-t8h,EPix1-complex,t=8h,C7,0.0874,ok,
urn:amp2:prod:complex-t8h,EPix1-complex,t=8h,C8,0.0891,ok,
urn:amp2:prod:complex-t8h,EPix1-complex,t=8h,C9,0.0879,ok,
urn:amp2:prod:complex-t8h,EPix1-complex,t=8h,C10,0.0883,ok,
urn:amp2:prod:complex-t8h,EPix1-complex,t=8h,C11,0.0880,ok,
urn:amp2:prod:complex-t8h,EPix1-complex,t=8h,C12,0.0884,ok,
urn:amp2:prod:complex-t8h,EPix1-complex,t=8h,D1,0.0963,ok,
urn:amp2:prod:complex-t8h,EPix1-complex,t=8h,D2,0.2016,ok,
urn:amp2:prod:complex-t8h,EPix1-complex,t=8h,D3,0.0888,ok,
urn:amp2:prod:complex-t8h,EPix1-complex,t=8h,D4,0.1403,ok,
urn:amp2:prod:complex-t8h,EPix1-complex,t=8h,D5,0.4317,ok,
urn:amp2:prod:complex-t8h,EPix1-complex,t=8h,D6,0.0880,ok,
urn:amp2:prod:complex-t8h,EPix1-complex,t=8h,D7,0.0892,ok,
urn:amp2:prod:complex-t8h,EPix1-complex,t=8h,D8,0.0906,ok,
urn:amp2:prod:complex-t8h,EPix1-complex,t=8h,D9,0.0884,ok,
urn:amp2:prod:complex-t8h,EPix1-complex,t=8h,D10,0.0910,ok,
urn:amp2:prod:complex-t8h,EPix1-complex,t=8h,D11,0.0893,ok,
urn:amp2:prod:complex-t8h,EPix1-complex,t=8h,D12,0.0880,ok,
urn:amp2:prod:complex-t8h,EPix1-complex,t=8h,E1,0.1829,ok,
urn:amp2:prod:complex-t8h,EPix1-complex,t=8h,E2,0.0875,ok,
urn:amp2:prod:complex-t8h,EPix1-complex,t=8h,E3,0.0902,ok,
urn:amp2:prod:complex-t8h,EPix1-complex,t=8h,E4,0.0889,ok,
urn:amp2:prod:complex-t8h,EPix1-complex,t=8h,E5,0.1109,ok,
urn:amp2:prod:complex-t8h,EPix1-complex,t=8h,E6,0.1724,ok,
urn:amp2:prod:complex-t8h,EPix1-complex,t=8h,E7,0.0916,ok,
urn:amp2:prod:complex-t8h,EPix1-complex,t=8h,E8,0.4148,ok,
urn:amp2:prod:complex-t8h,EPix1-complex,t=8h,E9,0.0872,ok,
urn:amp2:prod:complex-t8h,EPix1-complex,t=8h,E10,0.0963,ok,
urn:amp2:prod:complex-t8h,EPix1-complex,t=8h,E11,0.0940,ok,
urn:amp2:prod:complex-t8h,EPix1-complex,t=8h,E12,0.1599,ok,
urn:amp2:prod:complex-t8h,EPix1-complex,t=8h,F1,0.0922,ok,
urn:amp2:prod:complex-t8h,EPix1-complex,t=8h,F2,0.0881,ok,
urn:amp2:prod:complex-t8h,EPix1-complex,t=8h,F3,0.1587,ok,
urn:amp2:prod:complex-t8h,EPix1-complex,t=8h,F4,0.1017,ok,
urn:amp2:prod:complex-t8h,EPix1-complex,t=8h,F5,0.4672,ok,
urn:amp2:prod:complex-t8h,EPix1-complex,t=8h,F6,0.1743,ok,
urn:amp2:prod:complex-t8h,EPix1-complex,t=8h,F7,0.1031,ok,
urn:amp2:prod:complex-t8h,EPix1-complex,t=8h,F8,0.0954,ok,
urn:amp2:prod:complex-t8h,EPix1-complex,t=8h,F9,0.1461,ok,
urn:amp2:prod:complex-t8h,EPix1-complex,t=8h,F10,0.1006,ok,
urn:amp2:prod:complex-t8h,EPix1-complex,t=8h,F11,0.0991,ok,
urn:amp2:prod:complex-t8h,EPix1-complex,t=8h,F12,0.1247,ok,
urn:amp2:prod:complex-t8h,EPix1-complex,t=8h,G1,1.5926,outlier,
urn:amp2:prod:complex-t8h,EPix1-complex,t=8h,G2,0.0887,ok,
urn:amp2:prod:complex-t8h,EPix1-complex,t=8h,G3,0.0953,ok,
urn:amp2:prod:complex-t8h,EPix1-complex,t=8h,G4,0.0884,ok,
urn:amp2:prod:complex-t8h,EPix1-complex,t=8h,G5,0.1693,ok,
urn:amp2:prod:complex-t8h,EPix1-complex,t=8h,G6,0.0961,ok,
urn:amp2:prod:complex-t8h,EPix1-complex,t=8h,G7,0.0891,ok,
urn:amp2:prod:complex-t8h,EPix1-complex,t=8h,G8,0.1357,ok,
urn:amp2:prod:complex-t8h,EPix1-complex,t=8h,G9,0.0965,ok,
urn:amp2:prod:complex-t8h,EPix1-complex,t=8h,G10,0.0983,ok,
urn:amp2:prod:complex-t8h,EPix1-complex,t=8h,G11,0.0953,ok,
urn:amp2:prod:complex-t8h,EPix1-complex,t=8h,G12,0.0905,ok,
urn:amp2:prod:complex-t8h,EPix1-complex,t=8h,H1,0.0693,blank,
urn:amp2:prod:complex-t8h,EPix1-complex,t=8h,H2,0.0716,blank,
urn:amp2:prod:complex-t8h,EPix1-complex,t=8h,H3,0.0705,blank,
urn:amp2:prod:complex-t8h,EPix1-complex,t=8h,H4,0.0699,blank,
urn:amp2:prod:complex-t8h,EPix1-complex,t=8h,H5,0.0711,blank,
urn:amp2:prod:complex-t8h,EPix1-complex,t=8h,H6,0.0710,blank,
urn:amp2:prod:complex-t8h,EPix1-complex,t=8h,H7,0.0703,blank,
urn:amp2:prod:complex-t8h,EPix1-complex,t=8h,H8,0.0681,blank,
urn:amp2:prod:complex-t8h,EPix1-complex,t=8h,H9,0.0687,blank,
urn:amp2:prod:complex-t8h,EPix1-complex,t=8h,H10,0.0712,blank,
urn:amp2:prod:complex-t8h,EPix1-complex,t=8h,H11,0.0707,blank,
urn:amp2:prod:complex-t8h,EPix1-complex,t=8h,H12,0.0698,blank,
urn:amp2:prod:complex-t16h,EPix1-complex,t=16h,A1,0.1129,ok,
urn:amp2:prod:complex-t16h,EPix1-complex,t=16h,A2,0.1302,ok,
urn:amp2:prod:complex-t16h,EPix1-complex,t=16h,A3,0.1124,ok,
urn:amp2:prod:complex-t16h,EPix1-complex,t=16h,A4,0.1115,ok,
urn:amp2:prod:complex-t16h,EPix1-complex,t=16h,A5,0.1109,ok,
urn:amp2:prod:complex-t16h,EPix1-complex,t=16h,A6,0.1203,ok,
urn:amp2:prod:complex-t16h,EPix1-complex,t=16h,A7,0.1374,ok,
urn:amp2:prod:complex-t16h,EPix1-complex,t=16h,A8,0.1109,ok,
urn:amp2:prod:complex-t16h,EPix1-complex,t=16h,A9,0.1102,ok,
urn:amp2:prod:complex-t16h,EPix1-complex,t=16h,A10,0.1115,ok,
urn:amp2:prod:complex-t16h,EPix1-complex,t=16h,A11,0.1150,ok,
urn:amp2:prod:complex-t16h,EPix1-complex,t=16h,A12,0.1097,ok,
urn:amp2:prod:complex-t16h,EPix1-complex,t=16h,B1,0.1120,ok,
urn:amp2:prod:complex-t16h,EPix1-complex,t=16h,B2,0.1175,ok,
urn:amp2:prod:complex-t16h,EPix1-complex,t=16h,B3,0.4722,ok,
urn:amp2:prod:complex-t16h,EPix1-complex,t=16h,B4,0.1130,ok,
urn:amp2:prod:complex-t16h,EPix1-complex,t=16h,B5,0.1143,ok,
urn:amp2:prod:complex-t16h,EPix1-complex,t=16h,B6,0.1143,ok,
urn:amp2:prod:complex-t16h,EPix1-complex,t=16h,B7,0.3536,ok,
urn:amp2:prod:complex-t16h,EPix1-complex,t=16h,B8,0.1125,ok,
urn:amp2:prod:complex-t16h,EPix1-complex,t=16h,B9,0.1132,ok,
urn:amp2:prod:complex-t16h,EPix1-complex,t=16h,B10,0.1501,ok,
urn:amp2:prod:complex-t16h,EPix1-complex,t=16h,B11,0.1139,ok,
urn:amp2:prod:complex-t16h,EPix1-complex,t=16h,B12,0.1107,ok,
urn:amp2:prod:complex-t16h,EPix1-complex,t=16h,C1,0.1137,ok,
urn:amp2:prod:complex-t16h,EPix1-complex,t=16h,C2,0.1147,ok,
urn:amp2:prod:complex-t16h,EPix1-complex,t=16h,C3,0.1143,ok,
urn:amp2:prod:complex-t16h,EPix1-complex,t=16h,C4,0.1129,ok,
urn:amp2:prod:complex-t16h,EPix1-complex,t=16h,C5,0.1114,ok,
urn:amp2:prod:complex-t16h,EPix1-complex,t=16h,C6,0.1117,ok,
urn:amp2:prod:complex-t16h,EPix1-complex,t=16h,C7,0.1109,ok,
urn:amp2:prod:complex-t16h,EPix1-complex,t=16h,C8,0.1130,ok,
urn:amp2:prod:complex-t16h,EPix1-complex,t=16h,C9,0.1115,ok,
urn:amp2:prod:complex-t16h,EPix1-complex,t=16h,C10,0.1120,ok,
urn:amp2:prod:complex-t16h,EPix1-complex,t=16h,C11,0.1117,ok,
urn:amp2:prod:complex-t16h,EPix1-complex,t=16h,C12,0.1122,ok,
urn:amp2:prod:complex-t16h,EPix1-complex,t=16h,D1,0.1223,ok,
urn:amp2:prod:complex-t16h,EPix1-complex,t=16h,D2,0.2559,ok,
urn:amp2:prod:complex-t16h,EPix1-complex,t=16h,D3,0.1127,ok,
urn:amp2:prod:complex-t16h,EPix1-complex,t=16h,D4,0.1780,ok,
urn:amp2:prod:complex-t16h,EPix1-complex,t=16h,D5,0.5480,ok,
urn:amp2:prod:complex-t16h,EPix1-complex,t=16h,D6,0.1117,ok,
urn:amp2:prod:complex-t16h,EPix1-complex,t=16h,D7,0.1132,ok,
urn:amp2:prod:complex-t16h,EPix1-complex,t=16h,D8,0.1150,ok,
urn:amp2:prod:complex-t16h,EPix1-complex,t=16h,D9,0.1122,ok,
urn:amp2:prod:complex-t16h,EPix1-complex,t=16h,D10,0.1155,ok,
urn:amp2:prod:complex-t16h,EPix1-complex,t=16h,D11,0.1134,ok,
urn:amp2:prod:complex-t16h,EPix1-complex,t=16h,D12,0.1117,ok,
urn:amp2:prod:complex-t16h,EPix1-complex,t=16h,E1,0.2322,ok,
urn:amp2:prod:complex-t16h,EPix1-complex,t=16h,E2,0.1110,ok,
urn:amp2:prod:complex-t16h,EPix1-complex,t=16h,E3,0.1145,ok,
urn:amp2:prod:complex-t16h,EPix1-complex,t=16h,E4,0.1129,ok,
urn:amp2:prod:complex-t16h,EPix1-complex,t=16h,E5,0.1407,ok,
urn:amp2:prod:complex-t16h,EPix1-complex,t=16h,E6,0.2188,ok,
urn:amp2:prod:complex-t16h,EPix1-complex,t=16h,E7,0.1163,ok,
urn:amp2:prod:complex-t16h,EPix1-complex,t=16h,E8,0.5265,ok,
urn:amp2:prod:complex-t16h,EPix1-complex,t=16h,E9,0.1107,ok,
urn:amp2:prod:complex-t16h,EPix1-complex,t=16h,E10,0.1223,ok,
urn:amp2:prod:complex-t16h,EPix1-complex,t=16h,E11,0.1193,ok,
urn:amp2:prod:complex-t16h,EPix1-complex,t=16h,E12,0.2029,ok,
urn:amp2:prod:complex-t16h,EPix1-complex,t=16h,F1,0.1170,ok,
urn:amp2:prod:complex-t16h,EPix1-complex,t=16h,F2,0.1119,ok,
urn:amp2:prod:complex-t16h,EPix1-complex,t=16h,F3,0.2015,ok,
urn:amp2:prod:complex-t16h,EPix1-complex,t=16h,F4,0.1290,ok,
urn:amp2:prod:complex-t16h,EPix1-complex,t=16h,F5,0.5930,ok,
urn:amp2:prod:complex-t16h,EPix1-complex,t=16h,F6,0.2213,ok,
urn:amp2:prod:complex-t16h,EPix1-complex,t=16h,F7,0.1308,ok,
urn:amp2:prod:complex-t16h,EPix1-complex,t=16h,F8,0.1211,ok,
urn:amp2:prod:complex-t16h,EPix1-complex,t=16h,F9,0.1855,ok,
urn:amp2:prod:complex-t16h,EPix1-complex,t=16h,F10,0.1277,ok,
urn:amp2:prod:complex-t16h,EPix1-complex,t=16h,F11,0.1257,ok,
urn:amp2:prod:complex-t16h,EPix1-complex,t=16h,F12,0.1582,ok,
urn:amp2:prod:complex-t16h,EPix1-complex,t=16h,G1,2.0214,outlier,
urn:amp2:prod:complex-t16h,EPix1-complex,t=16h,G2,0.1125,ok,
urn:amp2:prod:complex-t16h,EPix1-complex,t=16h,G3,0.1209,ok,
urn:amp2:prod:complex-t16h,EPix1-complex,t=16h,G4,0.1122,ok,
urn:amp2:prod:complex-t16h,EPix1-complex,t=16h,G5,0.2148,ok,
urn:amp2:prod:complex-t16h,EPix1-complex,t=16h,G6,0.1219,ok,
urn:amp2:prod:complex-t16h,EPix1-complex,t=16h,G7,0.1130,ok,
urn:amp2:prod:complex-t16h,EPix1-complex,t=16h,G8,0.1723,ok,
urn:amp2:prod:complex-t16h,EPix1-complex,t=16h,G9,0.1224,ok,
urn:amp2:prod:complex-t16h,EPix1-complex,t=16h,G10,0.1247,ok,
urn:amp2:prod:complex-t16h,EPix1-complex,t=16h,G11,0.1209,ok,
urn:amp2:prod:complex-t16h,EPix1-complex,t=16h,G12,0.1148,ok,
urn:amp2:prod:complex-t16h,EPix1-complex,t=16h,H1,0.0693,blank,
urn:amp2:prod:complex-t16h,EPix1-complex,t=16h,H2,0.0716,blank,
urn:amp2:prod:complex-t16h,EPix1-complex,t=16h,H3,0.0705,blank,
urn:amp2:prod:complex-t16h,EPix1-complex,t=16h,H4,0.0699,blank,
urn:amp2:prod:complex-t16h,EPix1-complex,t=16h,H5,0.0711,blank,
urn:amp2:prod:complex-t16h,EPix1-complex,t=16h,H6,0.0710,blank,
urn:amp2:prod:complex-t16h,EPix1-complex,t=16h,H7,0.0703,blank,
urn:amp2:prod:complex-t16h,EPix1-complex,t=16h,H8,0.0681,blank,
urn:amp2:prod:complex-t16h,EPix1-complex,t=16h,H9,0.0687,blank,
urn:amp2:prod:complex-t16h,EPix1-complex,t=16h,H10,0.0712,blank,
urn:amp2:prod:complex-t16h,EPix1-complex,t=16h,H11,0.0707,blank,
urn:amp2:prod:complex-t16h,EPix1-complex,t=16h,H12,0.0698,blank,
urn:amp2:prod:complex-t24h,EPix1-complex,t=24h,A1,0.1368,ok,
urn:amp2:prod:complex-t24h,EPix1-complex,t=24h,A2,0.1578,ok,
urn:amp2:prod:complex-t24h,EPix1-complex,t=24h,A3,0.1362,ok,
urn:amp2:prod:complex-t24h,EPix1-complex,t=24h,A4,0.1352,ok,
urn:amp2:prod:complex-t24h,EPix1-complex,t=24h,A5,0.1344,ok,
urn:amp2:prod:complex-t24h,EPix1-complex,t=24h,A6,0.1458,ok,
urn:amp2:prod:complex-t24h,EPix1-complex,t=24h,A7,0.1666,ok,
urn:amp2:prod:complex-t24h,EPix1-complex,t=24h,A8,0.1344,ok,
urn:amp2:prod:complex-t24h,EPix1-complex,t=24h,A9,0.1336,ok,
urn:amp2:prod:complex-t24h,EPix1-complex,t=24h,A10,0.1352,ok,
urn:amp2:prod:complex-t24h,EPix1-complex,t=24h,A11,0.1394,ok,
urn:amp2:prod:complex-t24h,EPix1-complex,t=24h,A12,0.1330,ok,
urn:amp2:prod:complex-t24h,EPix1-complex,t=24h,B1,0.1358,ok,
urn:amp2:prod:complex-t24h,EPix1-complex,t=24h,B2,0.1424,ok,
urn:amp2:prod:complex-t24h,EPix1-complex,t=24h,B3,0.5724,ok,
urn:amp2:prod:complex-t24h,EPix1-complex,t=24h,B4,0.1370,ok,
urn:amp2:prod:complex-t24h,EPix1-complex,t=24h,B5,0.1386,ok,
urn:amp2:prod:complex-t24h,EPix1-complex,t=24h,B6,0.1386,ok,
urn:amp2:prod:complex-t24h,EPix1-complex,t=24h,B7,0.4286,ok,
urn:amp2:prod:complex-t24h,EPix1-complex,t=24h,B8,0.1364,ok,
urn:amp2:prod:complex-t24h,EPix1-complex,t=24h,B9,0.1372,ok,
urn:amp2:prod:complex-t24h,EPix1-complex,t=24h,B10,0.1820,ok,
urn:amp2:prod:complex-t24h,EPix1-complex,t=24h,B11,0.1380,ok,
urn:amp2:prod:complex-t24h,EPix1-complex,t=24h,B12,0.1342,ok,
urn:amp2:prod:complex-t24h,EPix1-complex,t=24h,C1,0.1378,ok,
urn:amp2:prod:complex-t24h,EPix1-complex,t=24h,C2,0.1390,ok,
urn:amp2:prod:complex-t24h,EPix1-complex,t=24h,C3,0.1386,ok,
urn:amp2:prod:complex-t24h,EPix1-complex,t=24h,C4,0.1368,ok,
urn:amp2:prod:complex-t24h,EPix1-complex,t=24h,C5,0.1350,ok,
urn:amp2:prod:complex-t24h,EPix1-complex,t=24h,C6,0.1354,ok,
urn:amp2:prod:complex-t24h,EPix1-complex,t=24h,C7,0.1344,ok,
urn:amp2:prod:complex-t24h,EPix1-complex,t=24h,C8,0.1370,ok,
urn:amp2:prod:complex-t24h,EPix1-complex,t=24h,C9,0.1352,ok,
urn:amp2:prod:complex-t24h,EPix1-complex,t=24h,C10,0.1358,ok,
urn:amp2:prod:complex-t24h,EPix1-complex,t=24h,C11,0.1354,ok,
urn:amp2:prod:complex-t24h,EPix1-complex,t=24h,C12,0.1360,ok,
urn:amp2:prod:complex-t24h,EPix1-complex,t=24h,D1,0.1482,ok,
urn:amp2:prod:complex-t24h,EPix1-complex,t=24h,D2,0.3102,ok,
urn:amp2:prod:complex-t24h,EPix1-complex,t=24h,D3,0.1366,ok,
urn:amp2:prod:complex-t24h,EPix1-complex,t=24h,D4,0.2158,ok,
urn:amp2:prod:complex-t24h,EPix1-complex,t=24h,D5,0.6642,ok,
urn:amp2:prod:complex-t24h,EPix1-complex,t=24h,D6,0.1354,ok,
urn:amp2:prod:complex-t24h,EPix1-complex,t=24h,D7,0.1372,ok,
urn:amp2:prod:complex-t24h,EPix1-complex,t=24h,D8,0.1394,ok,
urn:amp2:prod:complex-t24h,EPix1-complex,t=24h,D9,0.1360,ok,
urn:amp2:prod:complex-t24h,EPix1-complex,t=24h,D10,0.1400,ok,
urn:amp2:prod:complex-t24h,EPix1-complex,t=24h,D11,0.1374,ok,
urn:amp2:prod:complex-t24h,EPix1-complex,t=24h,D12,0.1354,ok,
urn:amp2:prod:complex-t24h,EPix1-complex,t=24h,E1,0.2814,ok,
urn:amp2:prod:complex-t24h,EPix1-complex,t=24h,E2,0.1346,ok,
urn:amp2:prod:complex-t24h,EPix1-complex,t=24h,E3,0.1388,ok,
urn:amp2:prod:complex-t24h,EPix1-complex,t=24h,E4,0.1368,ok,
urn:amp2:prod:complex-t24h,EPix1-complex,t=24h,E5,0.1706,ok,
urn:amp2:prod:complex-t24h,EPix1-complex,t=24h,E6,0.2652,ok,
urn:amp2:prod:complex-t24h,EPix1-complex,t=24h,E7,0.1410,ok,
urn:amp2:prod:complex-t24h,EPix1-complex,t=24h,E8,0.6382,ok,
urn:amp2:prod:complex-t24h,EPix1-complex,t=24h,E9,0.1342,ok,
urn:amp2:prod:complex-t24h,EPix1-complex,t=24h,E10,0.1482,ok,
urn:amp2:prod:complex-t24h,EPix1-complex,t=24h,E11,0.1446,ok,
urn:amp2:prod:complex-t24h,EPix1-complex,t=24h,E12,0.2460,ok,
urn:amp2:prod:complex-t24h,EPix1-complex,t=24h,F1,0.1418,ok,
urn:amp2:prod:complex-t24h,EPix1-complex,t=24h,F2,0.1356,ok,
urn:amp2:prod:complex-t24h,EPix1-complex,t=24h,F3,0.2442,ok,
urn:amp2:prod:complex-t24h,EPix1-complex,t=24h,F4,0.1564,ok,
urn:amp2:prod:complex-t24h,EPix1-complex,t=24h,F5,0.7188,ok,
urn:amp2:prod:complex-t24h,EPix1-complex,t=24h,F6,0.2682,ok,
urn:amp2:prod:complex-t24h,EPix1-complex,t=24h,F7,0.1586,ok,
urn:amp2:prod:complex-t24h,EPix1-complex,t=24h,F8,0.1468,ok,
urn:amp2:prod:complex-t24h,EPix1-complex,t=24h,F9,0.2248,ok,
urn:amp2:prod:complex-t24h,EPix1-complex,t=24h,F10,0.1548,ok,
urn:amp2:prod:complex-t24h,EPix1-complex,t=24h,F11,0.1524,ok,
urn:amp2:prod:complex-t24h,EPix1-complex,t=24h,F12,0.1918,ok,
urn:amp2:prod:complex-t24h,EPix1-complex,t=24h,G1,2.4502,outlier,
urn:amp2:prod:complex-t24h,EPix1-complex,t=24h,G2,0.1364,ok,
urn:amp2:prod:complex-t24h,EPix1-complex,t=24h,G3,0.1466,ok,
urn:amp2:prod:complex-t24h,EPix1-complex,t=24h,G4,0.1360,ok,
urn:amp2:prod:complex-t24h,EPix1-complex,t=24h,G5,0.2604,ok,
urn:amp2:prod:complex-t24h,EPix1-complex,t=24h,G6,0.1478,ok,
urn:amp2:prod:complex-t24h,EPix1-complex,t=24h,G7,0.1370,ok,
urn:amp2:prod:complex-t24h,EPix1-complex,t=24h,G8,0.2088,ok,
urn:amp2:prod:complex-t24h,EPix1-complex,t=24h,G9,0.1484,ok,
urn:amp2:prod:complex-t24h,EPix1-complex,t=24h,G10,0.1512,ok,
urn:amp2:prod:complex-t24h,EPix1-complex,t=24h,G11,0.1466,ok,
urn:amp2:prod:complex-t24h,EPix1-complex,t=24h,G12,0.1392,ok,
urn:amp2:prod:complex-t24h,EPix1-complex,t=24h,H1,0.0693,blank,
urn:amp2:prod:complex-t24h,EPix1-complex,t=24h,H2,0.0716,blank,
urn:amp2:prod:complex-t24h,EPix1-complex,t=24h,H3,0.0705,blank,
urn:amp2:prod:complex-t24h,EPix1-complex,t=24h,H4,0.0699,blank,
urn:amp2:prod:complex-t24h,EPix1-complex,t=24h,H5,0.0711,blank,
urn:amp2:prod:complex-t24h,EPix1-complex,t=24h,H6,0.0710,blank,
urn:amp2:prod:complex-t24h,EPix1-complex,t=24h,H7,0.0703,blank,
urn:amp2:prod:complex-t24h,EPix1-complex,t=24h,H8,0.0681,blank,
urn:amp2:prod:complex-t24h,EPix1-complex,t=24h,H9,0.0687,blank,
urn:amp2:prod:complex-t24h,EPix1-complex,t=24h,H10,0.0712,blank,
urn:amp2:prod:complex-t24h,EPix1-complex,t=24h,H11,0.0707,blank,
urn:amp2:prod:complex-t24h,EPix1-complex,t=24h,H12,0.0698,blank,
